N,Tree,,Balanced tree,,Map,
10,1.32751E-06,9.63676E-07,1.27983E-06,4.57899E-07,8.52823E-07,6.29085E-07
100,1.30391E-06,7.00685E-07,1.03879E-06,2.72836E-07,9.29594E-07,3.09467E-07
1000,1.47939E-06,8.96814E-07,9.05991E-07,7.56054E-07,8.93116E-07,6.26069E-07
10000,1.81437E-06,4.04181E-07,1.13058E-06,3.59011E-07,1.11723E-06,3.36787E-07
100000,1.90592E-06,4.09217E-07,1.85037E-06,4.0008E-07,1.8599E-06,4.78942E-07
